Workbook

Sheet TKB_HK2 2526
A1: STT | B1: Khoá | C1: Nhóm | D1: Mã lớp HP | E1: tenmon | F1: Số lượng | G1: Số lượng | H1: SLSV | I1: Mã GV | J1: Mã GV | K1: Tuần | L1: khoa dạy | M1: malop | N1: Tên giảng viên | O1: Thứ 2 | P1: Thứ 3 | Q1: Thứ 4 | R1: Thứ 5 | S1: Thứ 6 | T1: Thứ 7 | U1: CN
A2: 1 | B2: 22 | C2: 01 | D2: 101126325202201 | E2: Bảo trì công nghiệp | F2: 57 | G2: 57 | H2: 0 | I2: 11407 | J2: 11407 | K2: 22-24;31-38 | L2: 101 | M2: 22N01(C1A) | N2: Đinh Đức Hạnh | O2: 1-3,F101
A3: 2 | B3: 22 | C3: 01 | D3: 101226025202201 | E3: Thực tập kỹ thuật (CTM) | F3: 57 | G3: 57 | H3: 0 | I3: 10320 | J3: 10320 | K3: 25-27 | L3: 101 | M3: 22N01(C1A) | N3: Nguyễn Tấn Minh | O3: 1-10,XP | P3: 1-10,XP | Q3: 1-10,XP | R3: 1-10,XP | S3: 1-10,XP
A4: 3 | B4: 22 | C4: 01 | D4: 101291025202201 | E4: Tự động hóa quá trình sản xuất | F4: 57 | G4: 57 | H4: 0 | I4: 10070 | J4: 10070 | K4: 22-24;31-38 | L4: 101 | M4: 22N01(C1A) | N4: Lưu Đức Bình | O4: 8-10,F408
A5: 4 | B5: 22 | C5: 01 | D5: 101292025202201 | E5: Công nghệ chế tạo máy | F5: 57 | G5: 57 | H5: 0 | I5: 10436 | J5: 10436 | K5: 22-24;31-38 | L5: 101 | M5: 22N01(C1A) | N5: Hoàng Văn Thạnh | Q5: 6-8,F110
A6: 5 | B6: 22 | C6: 01 | D6: 101293025202201 | E6: Công nghệ gia công tiên tiến | F6: 57 | G6: 57 | H6: 0 | I6: 10436 | J6: 10436 | K6: 22-24;31-38 | L6: 101 | M6: 22N01(C1A) | N6: Hoàng Văn Thạnh | S6: 8-10,F108
A7: 6 | B7: 22 | C7: 01 | D7: 101294025202201 | E7: Trang bị công nghệ | F7: 57 | G7: 57 | H7: 0 | I7: 10302 | J7: 10302 | K7: 22-24;31-38 | L7: 101 | M7: 22N01(C1A) | N7: Châu Mạnh Lực | R7: 6-8,F310
A8: 7 | B8: 22 | C8: 01 | D8: 101295025202201 | E8: ứng dụng CAD/CAE trong sản xuất | F8: 57 | G8: 57 | H8: 0 | I8: 10353 | J8: 10353 | K8: 31-34 | L8: 101 | M8: 22N01(C1A) | N8: Nguyễn Phạm Thế Nhân | S8: 1-4,H107
A9: 8 | B9: 22 | C9: 01 | D9: 105347025202201 | E9: Trang bị điện trong máy công nghiệp | F9: 57 | G9: 57 | H9: 0 | I9: 10143 | J9: 10143 | K9: 22-24;31-38 | L9: 105 | M9: 22N01(C1A) | N9: Nguyễn Quốc Định | P9: 7-10,F310
A10: 9 | B10: 22 | C10: 01A | D10: 101126325202201A | E10: Bảo trì công nghiệp (Giảng dạy tiếng anh) | F10: 25 | G10: 25 | H10: 0 | I10: 11407 | J10: 11407 | K10: 22-24;31-38 | L10: 101 | M10: 22N01(C1A) | N10: Đinh Đức Hạnh | P10: 1-3,E1.204
A11: 10 | B11: 22 | C11: 01A | D11: 101296025202201A | E11: TH Ứng dụng CAD/CAE trong sản xuất (0.5TC) | F11: 25 | G11: 25 | H11: 0 | I11: 10654 | J11: 10654 | K11: 38-40 | L11: 101 | M11: 22N01(C1A) | N11: Phạm Nguyễn Quốc Huy | S11: 1-4,M206
A12: 11 | B12: 22 | C12: 01A | D12: 101297025202201A | E12: PBL 4: Thiết kế máy công cụ | F12: 30 | G12: 30 | H12: 0 | I12: 10185 | J12: 10185 | K12: 22-24;31-38 | L12: 101 | M12: 22N01(C1A) | N12: Trần Ngọc Hải | T12: 7-10,B101
A13: 12 | B13: 22 | C13: 01B | D13: 101296025202201B | E13: TH Ứng dụng CAD/CAE trong sản xuất (0.5TC) | F13: 25 | G13: 25 | H13: 0 | I13: 10654 | J13: 10654 | K13: 38-40 | L13: 101 | M13: 22N01(C1A) | N13: Phạm Nguyễn Quốc Huy | Q13: 1-4,M206
A14: 13 | B14: 22 | C14: 01B | D14: 101297025202201B | E14: PBL 4: Thiết kế máy công cụ | F14: 30 | G14: 30 | H14: 0 | I14: 10554 | J14: 10554 | K14: 22-24;31-38 | L14: 101 | M14: 22N01(C1A) | N14: Trần Xuân Tùy | T14: 1-4,B101
A15: 14 | B15: 22 | C15: 01C | D15: 101296025202201C | E15: TH Ứng dụng CAD/CAE trong sản xuất (0.5TC) | F15: 25 | G15: 25 | H15: 0 | I15: 10654 | J15: 10654 | K15: 38-40 | L15: 101 | M15: 22N01(C1A) | N15: Phạm Nguyễn Quốc Huy | R15: 1-4,M206
A16: 15 | B16: 22 | C16: 02 | D16: 101126325202202 | E16: Bảo trì công nghiệp | F16: 54 | G16: 54 | H16: 0 | I16: 11407 | J16: 11407 | K16: 22-27;34-38 | L16: 101 | M16: 22N02(C1B) | N16: Đinh Đức Hạnh | Q16: 6-8,H108
A17: 16 | B17: 22 | C17: 02 | D17: 101226025202202 | E17: Thực tập kỹ thuật (CTM) | F17: 54 | G17: 54 | H17: 0 | I17: 10492 | J17: 10492 | K17: 31-33 | L17: 101 | M17: 22N02(C1B) | N17: Trần Văn Tiến | O17: 1-10,XP | P17: 1-10,XP | Q17: 1-10,XP | R17: 1-10,XP | S17: 1-10,XP
A18: 17 | B18: 22 | C18: 02 | D18: 101291025202202 | E18: Tự động hóa quá trình sản xuất | F18: 54 | G18: 54 | H18: 0 | I18: 10070 | J18: 10070 | K18: 22-27;34-38 | L18: 101 | M18: 22N02(C1B) | N18: Lưu Đức Bình | P18: 8-10,B207
A19: 18 | B19: 22 | C19: 02 | D19: 101292025202202 | E19: Công nghệ chế tạo máy | F19: 54 | G19: 54 | H19: 0 | I19: 10436 | J19: 10436 | K19: 22-27;34-38 | L19: 101 | M19: 22N02(C1B) | N19: Hoàng Văn Thạnh | O19: 1-3,F107
A20: 19 | B20: 22 | C20: 02 | D20: 101293025202202 | E20: Công nghệ gia công tiên tiến | F20: 54 | G20: 54 | H20: 0 | I20: 10436 | J20: 10436 | K20: 22-27;34-38 | L20: 101 | M20: 22N02(C1B) | N20: Hoàng Văn Thạnh | R20: 6-8,B207
A21: 20 | B21: 22 | C21: 02 | D21: 101294025202202 | E21: Trang bị công nghệ | F21: 54 | G21: 54 | H21: 0 | I21: 10302 | J21: 10302 | K21: 22-27;34-38 | L21: 101 | M21: 22N02(C1B) | N21: Châu Mạnh Lực | S21: 6-8,E1.205
A22: 21 | B22: 22 | C22: 02 | D22: 101295025202202 | E22: ứng dụng CAD/CAE trong sản xuất | F22: 54 | G22: 54 | H22: 0 | I22: 10353 | J22: 10353 | K22: 22-25 | L22: 101 | M22: 22N02(C1B) | N22: Nguyễn Phạm Thế Nhân | S22: 1-4,H107
A23: 22 | B23: 22 | C23: 02 | D23: 105347025202202 | E23: Trang bị điện trong máy công nghiệp | F23: 54 | G23: 54 | H23: 0 | I23: 10143 | J23: 10143 | K23: 22-27;34-38 | L23: 105 | M23: 22N02(C1B) | N23: Nguyễn Quốc Định | O23: 7-10,B208
A24: 23 | B24: 22 | C24: 02A | D24: 101296025202202A | E24: TH Ứng dụng CAD/CAE trong sản xuất (0.5TC) | F24: 25 | G24: 25 | H24: 0 | I24: 10654 | J24: 10654 | K24: 38-40 | L24: 101 | M24: 22N02(C1B) | N24: Phạm Nguyễn Quốc Huy | T24: 7-10,M206
A25: 24 | B25: 22 | C25: 02A | D25: 101297025202202A | E25: PBL 4: Thiết kế máy công cụ | F25: 30 | G25: 30 | H25: 0 | I25: 10353 | J25: 10353 | K25: 22-27;34-38 | L25: 101 | M25: 22N02(C1B) | N25: Nguyễn Phạm Thế Nhân | T25: 1-4,B102
A26: 25 | B26: 22 | C26: 02B | D26: 101296025202202B | E26: TH Ứng dụng CAD/CAE trong sản xuất (0.5TC) | F26: 25 | G26: 25 | H26: 0 | I26: 10654 | J26: 10654 | K26: 38-40 | L26: 101 | M26: 22N02(C1B) | N26: Phạm Nguyễn Quốc Huy | T26: 1-4,M206
A27: 26 | B27: 22 | C27: 02B | D27: 101297025202202B | E27: PBL 4: Thiết kế máy công cụ | F27: 30 | G27: 30 | H27: 0 | I27: 10586 | J27: 10586 | K27: 22-27;34-38 | L27: 101 | M27: 22N02(C1B) | N27: Bùi Trương Vỹ | T27: 7-10,B102
A28: 27 | B28: 22 | C28: 03 | D28: 101303025202203 | E28: Tư duy thiết kế và phát triển sản phẩm | F28: 53 | G28: 53 | H28: 0 | I28: 10963 | J28: 10963 | K28: 22-27;31-40 | L28: 101 | M28: 22N03(CKHK) | N28: Lê Hoài Nam | Q28: 4-5,E2.102
A29: 28 | B29: 22 | C29: 03 | D29: 101352025202203 | E29: Cơ học phá hủy | F29: 53 | G29: 53 | H29: 0 | I29: 10062 | J29: 10062 | K29: 22-27;31-40 | L29: 101 | M29: 22N03(CKHK) | N29: Tào Quang Bảng | P29: 1-2,F310
A30: 29 | B30: 22 | C30: 03 | D30: 101353025202203 | E30: Trang bị điện-điện tử trong máy bay | F30: 53 | G30: 53 | H30: 0 | I30: 11666 | J30: 11666 | K30: 22-27;31-40 | L30: 101 | M30: 22N03(CKHK) | N30: Trương Sơn Hòa | T30: 1-4,F103
A31: 30 | B31: 22 | C31: 03 | D31: 101354025202203 | E31: Các hệ thống trên máy bay | F31: 53 | G31: 53 | H31: 0 | I31: 11613 | J31: 11613 | K31: 22-27;31-40 | L31: 101 | M31: 22N03(CKHK) | N31: Trần Ngọc Linh | S31: 7-10,F307
A32: 31 | B32: 22 | C32: 03 | D32: 101355025202203 | E32: Động cơ tua bin khí | F32: 53 | G32: 53 | H32: 0 | I32: 10421 | J32: 10421 | K32: 22-27;31-40 | L32: 101 | M32: 22N03(CKHK) | N32: Trần Thanh Sơn | R32: 4-5,H108
A33: 32 | B33: 22 | C33: 03 | D33: 101356025202203 | E33: Thiết kế quy trình công nghệ chế tạo | F33: 53 | G33: 53 | H33: 0 | I33: 10436 | J33: 10436 | K33: 22-27;31-40 | L33: 101 | M33: 22N03(CKHK) | N33: Hoàng Văn Thạnh | R33: 1-3,H108
A34: 33 | B34: 22 | C34: 03 | D34: 101367025202203 | E34: ứng dụng CAD/CAE trong sản xuất | F34: 53 | G34: 53 | H34: 0 | I34: 10353 | J34: 10353 | K34: 22-27;31-40 | L34: 101 | M34: 22N03(CKHK) | N34: Nguyễn Phạm Thế Nhân | O34: 1-2,E2.305
A35: 34 | B35: 22 | C35: 03A | D35: 101296025202203A | E35: TH Ứng dụng CAD/CAE trong sản xuất (0.5TC) | F35: 25 | G35: 25 | H35: 0 | I35: 10654 | J35: 10654 | K35: 38-40 | L35: 101 | M35: 22N03(CKHK) | N35: Phạm Nguyễn Quốc Huy | O35: 7-10,M206
A36: 35 | B36: 22 | C36: 03A | D36: 101357025202203A | E36: PBL 5: Thiết kế, phân tích các cơ cấu máy bay | F36: 30 | G36: 30 | H36: 0 | I36: 10436 | J36: 10436 | K36: 22-27;31-40 | L36: 101 | M36: 22N03(CKHK) | N36: Hoàng Văn Thạnh | Q36: 1-3,E1.207
A37: 36 | B37: 22 | C37: 03B | D37: 101296025202203B | E37: TH Ứng dụng CAD/CAE trong sản xuất (0.5TC) | F37: 25 | G37: 25 | H37: 0 | I37: 10654 | J37: 10654 | K37: 38-40 | L37: 101 | M37: 22N03(CKHK) | N37: Phạm Nguyễn Quốc Huy | P37: 7-10,M206
A38: 37 | B38: 22 | C38: 03B | D38: 101357025202203B | E38: PBL 5: Thiết kế, phân tích các cơ cấu máy bay | F38: 30 | G38: 30 | H38: 0 | I38: 10353 | J38: 10353 | K38: 22-27;31-40 | L38: 101 | M38: 22N03(CKHK) | N38: Nguyễn Phạm Thế Nhân | O38: 3-5,A135
A39: 38 | B39: 22 | C39: 04 | D39: 101008225202204 | E39: Công nghệ kim loại | F39: 58 | G39: 58 | H39: 0 | I39: 10062 | J39: 10062 | K39: 22-27;31-40 | L39: 101 | M39: 22N04(CDT1) | N39: Tào Quang Bảng | P39: 3-4,B301
A40: 39 | B40: 22 | C40: 04 | D40: 101309025202204 | E40: Lập trình PLC nâng cao | F40: 58 | G40: 58 | H40: 0 | I40: 10342 | J40: 10342 | K40: 22-27;31-40 | L40: 101 | M40: 22N04(CDT1) | N40: Ngô Thanh Nghị | O40: 3-4,F106
A41: 40 | B41: 22 | C41: 04 | D41: 101310025202204 | E41: Điều khiển Logic mờ | F41: 58 | G41: 58 | H41: 0 | I41: 11486 | J41: 11486 | K41: 22-27;31-40 | L41: 101 | M41: 22N04(CDT1) | N41: Phạm Anh Đức | T41: 9-10,F109
A42: 41 | B42: 22 | C42: 04 | D42: 101311025202204 | E42: Thiết kế IoT và ứng dụng | F42: 58 | G42: 58 | H42: 0 | I42: 10342 | J42: 10342 | K42: 22-27;31-40 | L42: 101 | M42: 22N04(CDT1) | N42: Ngô Thanh Nghị | O42: 1-2,F106
A43: 42 | B43: 22 | C43: 04 | D43: 101313025202204 | E43: Kỹ thuật thiết kế robot | F43: 58 | G43: 58 | H43: 0 | I43: 10963 | J43: 10963 | K43: 22-27;31-40 | L43: 101 | M43: 22N04(CDT1) | N43: Lê Hoài Nam | S43: 3-4,F106
A44: 43 | B44: 22 | C44: 04 | D44: 101314025202204 | E44: Cảm biến thông minh | F44: 58 | G44: 58 | H44: 0 | I44: 11681 | J44: 11681 | K44: 22-27;31-40 | L44: 101 | M44: 22N04(CDT1) | N44: Đoàn Lê Anh | T44: 6-7,F109
A45: 44 | B45: 22 | C45: 04 | D45: 101315025202204 | E45: Điều khiển tự động hiện đại | F45: 58 | G45: 58 | H45: 0 | I45: 10680 | J45: 10680 | K45: 22-27;31-40 | L45: 101 | M45: 22N04(CDT1) | N45: Võ Như Thành | Q45: 1-2,H205
A46: 45 | B46: 22 | C46: 04 | D46: 101316025202204 | E46: Mạng truyền thông công nghiệp | F46: 58 | G46: 58 | H46: 0 | I46: 10528 | J46: 10528 | K46: 22-27;31-40 | L46: 101 | M46: 22N04(CDT1) | N46: Nguyễn Thị Kim Trúc | P46: 1-2,B301
A47: 46 | B47: 22 | C47: 04 | D47: 101317025202204 | E47: Tư duy công nghệ và thiết kế kỹ thuật | F47: 58 | G47: 58 | H47: 0 | I47: 10963 | J47: 10963 | K47: 22-27;31-40 | L47: 101 | M47: 22N04(CDT1) | N47: Lê Hoài Nam | S47: 1-2,F106
A48: 47 | B48: 22 | C48: 04 | D48: 118075325202204 | E48: Quản lý Dự án | F48: 58 | G48: 58 | H48: 0 | I48: 10788 | J48: 10788 | K48: 22-27;31-40 | L48: 118 | M48: 22N04(CDT1) | N48: Trần Thị Hoàng Giang | R48: 4-5,H205
A49: 48 | B49: 22 | C49: 04 | D49: 118093325202204 | E49: Quản trị học | F49: 58 | G49: 58 | H49: 0 | I49: 11654 | J49: 11654 | K49: 22-27;31-40 | L49: 118 | M49: 22N04(CDT1) | N49: Trần Minh Trí | O49: 9-10,H202
A50: 49 | B50: 22 | C50: 04A | D50: 101310025202204A | E50: Điều khiển Logic mờ (Giảng dạy tiếng anh) | F50: 25 | G50: 25 | H50: 0 | I50: 11486 | J50: 11486 | K50: 22-27;31-40 | L50: 101 | M50: 22N04(CDT1) | N50: Phạm Anh Đức | O50: 6-7,E2.203
A51: 50 | B51: 22 | C51: 04A | D51: 101319025202204A | E51: PBL 5: Thiết kế hệ thống robot tiên tiến | F51: 30 | G51: 30 | H51: 0 | I51: 10680 | J51: 10680 | K51: 22-27;31-40 | L51: 101 | M51: 22N04(CDT1) | N51: Võ Như Thành | Q51: 3-5,P1
A52: 51 | B52: 22 | C52: 04B | D52: 101319025202204B | E52: PBL 5: Thiết kế hệ thống robot tiên tiến | F52: 30 | G52: 30 | H52: 0 | I52: 10680 | J52: 10680 | K52: 22-27;31-40 | L52: 101 | M52: 22N04(CDT1) | N52: Võ Như Thành | R52: 1-3,E1.203
A53: 52 | B53: 22 | C53: 05 | D53: 101008225202205 | E53: Công nghệ kim loại | F53: 56 | G53: 56 | H53: 0 | I53: 10799 | J53: 10799 | K53: 22-27;31-40 | L53: 101 | M53: 22N05(CDT2) | N53: Võ Trần Anh | Q53: 3-4,F307
A54: 53 | B54: 22 | C54: 05 | D54: 101309025202205 | E54: Lập trình PLC nâng cao | F54: 56 | G54: 56 | H54: 0 | I54: 10342 | J54: 10342 | K54: 22-27;31-40 | L54: 101 | M54: 22N05(CDT2) | N54: Ngô Thanh Nghị | P54: 3-4,H103
A55: 54 | B55: 22 | C55: 05 | D55: 101310025202205 | E55: Điều khiển Logic mờ | F55: 56 | G55: 56 | H55: 0 | I55: 11486 | J55: 11486 | K55: 22-27;31-40 | L55: 101 | M55: 22N05(CDT2) | N55: Phạm Anh Đức | R55: 1-2,B208
A56: 55 | B56: 22 | C56: 05 | D56: 101311025202205 | E56: Thiết kế IoT và ứng dụng | F56: 56 | G56: 56 | H56: 0 | I56: 10342 | J56: 10342 | K56: 22-27;31-40 | L56: 101 | M56: 22N05(CDT2) | N56: Ngô Thanh Nghị | P56: 1-2,H103
A57: 56 | B57: 22 | C57: 05 | D57: 101313025202205 | E57: Kỹ thuật thiết kế robot | F57: 56 | G57: 56 | H57: 0 | I57: 10963 | J57: 10963 | K57: 22-27;31-40 | L57: 101 | M57: 22N05(CDT2) | N57: Lê Hoài Nam | T57: 3-4,H107
A58: 57 | B58: 22 | C58: 05 | D58: 101314025202205 | E58: Cảm biến thông minh | F58: 56 | G58: 56 | H58: 0 | I58: 11681 | J58: 11681 | K58: 22-27;31-40 | L58: 101 | M58: 22N05(CDT2) | N58: Đoàn Lê Anh | S58: 1-2,F302
A59: 58 | B59: 22 | C59: 05 | D59: 101315025202205 | E59: Điều khiển tự động hiện đại | F59: 56 | G59: 56 | H59: 0 | I59: 10680 | J59: 10680 | K59: 22-27;31-40 | L59: 101 | M59: 22N05(CDT2) | N59: Võ Như Thành | O59: 1-2,F302
A60: 59 | B60: 22 | C60: 05 | D60: 101316025202205 | E60: Mạng truyền thông công nghiệp | F60: 56 | G60: 56 | H60: 0 | I60: 10528 | J60: 10528 | K60: 22-27;31-40 | L60: 101 | M60: 22N05(CDT2) | N60: Nguyễn Thị Kim Trúc | Q60: 1-2,F307
A61: 60 | B61: 22 | C61: 05 | D61: 101317025202205 | E61: Tư duy công nghệ và thiết kế kỹ thuật | F61: 56 | G61: 56 | H61: 0 | I61: 10963 | J61: 10963 | K61: 22-27;31-40 | L61: 101 | M61: 22N05(CDT2) | N61: Lê Hoài Nam | T61: 1-2,H107
A62: 61 | B62: 22 | C62: 05 | D62: 118075325202205 | E62: Quản lý Dự án | F62: 56 | G62: 56 | H62: 0 | I62: 10788 | J62: 10788 | K62: 22-27;31-40 | L62: 118 | M62: 22N05(CDT2) | N62: Trần Thị Hoàng Giang | O62: 3-4,F302
A63: 62 | B63: 22 | C63: 05 | D63: 118093325202205 | E63: Quản trị học | F63: 56 | G63: 56 | H63: 0 | I63: 11654 | J63: 11654 | K63: 22-27;31-40 | L63: 118 | M63: 22N05(CDT2) | N63: Trần Minh Trí | R63: 4-5,B208
A64: 63 | B64: 22 | C64: 05A | D64: 101314025202205A | E64: Cảm biến thông minh (Giảng dạy tiếng anh) | F64: 25 | G64: 25 | H64: 0 | I64: 11681 | J64: 11681 | K64: 22-27;31-40 | L64: 101 | M64: 22N05(CDT2) | N64: Đoàn Lê Anh | R64: 6-7,E1.202
A65: 64 | B65: 22 | C65: 05A | D65: 101315025202205A | E65: Điều khiển tự động hiện đại (Giảng dạy tiếng anh) | F65: 25 | G65: 25 | H65: 0 | I65: 10680 | J65: 10680 | K65: 22-27;31-40 | L65: 101 | M65: 22N05(CDT2) | N65: Võ Như Thành | R65: 9-10,E1.206
A66: 65 | B66: 22 | C66: 05A | D66: 101319025202205A | E66: PBL 5: Thiết kế hệ thống robot tiên tiến | F66: 30 | G66: 30 | H66: 0 | I66: 11681 | J66: 11681 | K66: 22-27;31-40 | L66: 101 | M66: 22N05(CDT2) | N66: Đoàn Lê Anh | S66: 3-5,B108
A67: 66 | B67: 22 | C67: 05B | D67: 101319025202205B | E67: PBL 5: Thiết kế hệ thống robot tiên tiến | F67: 30 | G67: 30 | H67: 0 | I67: 11681 | J67: 11681 | K67: 22-27;31-40 | L67: 101 | M67: 22N05(CDT2) | N67: Đoàn Lê Anh | T67: 8-10,B104
A68: 67 | B68: 22 | C68: 06 | D68: 101008225202206 | E68: Công nghệ kim loại | F68: 59 | G68: 59 | H68: 0 | I68: 10799 | J68: 10799 | K68: 22-27;31-40 | L68: 101 | M68: 22N06(CDT3) | N68: Võ Trần Anh | R68: 1-2,F106
A69: 68 | B69: 22 | C69: 06 | D69: 101309025202206 | E69: Lập trình PLC nâng cao | F69: 59 | G69: 59 | H69: 0 | I69: 10342 | J69: 10342 | K69: 22-27;31-40 | L69: 101 | M69: 22N06(CDT3) | N69: Ngô Thanh Nghị | Q69: 3-4,F310
A70: 69 | B70: 22 | C70: 06 | D70: 101310025202206 | E70: Điều khiển Logic mờ | F70: 59 | G70: 59 | H70: 0 | I70: 11486 | J70: 11486 | K70: 22-27;31-40 | L70: 101 | M70: 22N06(CDT3) | N70: Phạm Anh Đức | S70: 1-2,H101
A71: 70 | B71: 22 | C71: 06 | D71: 101311025202206 | E71: Thiết kế IoT và ứng dụng | F71: 59 | G71: 59 | H71: 0 | I71: 10342 | J71: 10342 | K71: 22-27;31-40 | L71: 101 | M71: 22N06(CDT3) | N71: Ngô Thanh Nghị | Q71: 1-2,F310
A72: 71 | B72: 22 | C72: 06 | D72: 101313025202206 | E72: Kỹ thuật thiết kế robot | F72: 59 | G72: 59 | H72: 0 | I72: 10963 | J72: 10963 | K72: 22-27;31-40 | L72: 101 | M72: 22N06(CDT3) | N72: Lê Hoài Nam | S72: 8-9,H205
A73: 72 | B73: 22 | C73: 06 | D73: 101314025202206 | E73: Cảm biến thông minh | F73: 59 | G73: 59 | H73: 0 | I73: 11681 | J73: 11681 | K73: 22-27;31-40 | L73: 101 | M73: 22N06(CDT3) | N73: Đoàn Lê Anh | T73: 4-5,F102
A74: 73 | B74: 22 | C74: 06 | D74: 101315025202206 | E74: Điều khiển tự động hiện đại | F74: 59 | G74: 59 | H74: 0 | I74: 10680 | J74: 10680 | K74: 22-27;31-40 | L74: 101 | M74: 22N06(CDT3) | N74: Võ Như Thành | P74: 1-2,H205
A75: 74 | B75: 22 | C75: 06 | D75: 101316025202206 | E75: Mạng truyền thông công nghiệp | F75: 59 | G75: 59 | H75: 0 | I75: 10528 | J75: 10528 | K75: 22-27;31-40 | L75: 101 | M75: 22N06(CDT3) | N75: Nguyễn Thị Kim Trúc | P75: 3-4,H205
A76: 75 | B76: 22 | C76: 06 | D76: 101317025202206 | E76: Tư duy công nghệ và thiết kế kỹ thuật | F76: 59 | G76: 59 | H76: 0 | I76: 10963 | J76: 10963 | K76: 22-27;31-40 | L76: 101 | M76: 22N06(CDT3) | N76: Lê Hoài Nam | S76: 6-7,H205
A77: 76 | B77: 22 | C77: 06 | D77: 118075325202206 | E77: Quản lý Dự án | F77: 59 | G77: 59 | H77: 0 | I77: 10788 | J77: 10788 | K77: 22-27;31-40 | L77: 118 | M77: 22N06(CDT3) | N77: Trần Thị Hoàng Giang | O77: 1-2,F307
A78: 77 | B78: 22 | C78: 06 | D78: 118093325202206 | E78: Quản trị học | F78: 59 | G78: 59 | H78: 0 | I78: 10967 | J78: 10967 | K78: 22-27;31-40 | L78: 118 | M78: 22N06(CDT3) | N78: Nguyễn Đặng Hoàng Thư | R78: 4-5,F106
A79: 78 | B79: 22 | C79: 06A | D79: 101317025202206A | E79: Tư duy công nghệ và thiết kế kỹ thuật (Giảng dạy tiếng anh) | F79: 25 | G79: 25 | H79: 0 | I79: 10963 | J79: 10963 | K79: 22-27;31-40 | L79: 101 | M79: 22N06(CDT3) | N79: Lê Hoài Nam | P79: 6-7,B207
A80: 79 | B80: 22 | C80: 06A | D80: 101319025202206A | E80: PBL 5: Thiết kế hệ thống robot tiên tiến | F80: 30 | G80: 30 | H80: 0 | I80: 10680 | J80: 10680 | K80: 22-27;31-40 | L80: 101 | M80: 22N06(CDT3) | N80: Võ Như Thành | O80: 3-5,A143
A81: 80 | B81: 22 | C81: 06B | D81: 101319025202206B | E81: PBL 5: Thiết kế hệ thống robot tiên tiến | F81: 30 | G81: 30 | H81: 0 | I81: 11681 | J81: 11681 | K81: 22-27;31-40 | L81: 101 | M81: 22N06(CDT3) | N81: Đoàn Lê Anh | T81: 1-3,F309
A82: 81 | B82: 22 | C82: 07 | D82: 123258025202207 | E82: Xử lý ảnh số | F82: 37 | G82: 37 | H82: 0 | I82: 10861 | J82: 10861 | K82: 22-27;31-40 | L82: 123 | M82: 22N07(ES) | N82: Hồ Phước Tiến | P82: 6-7,C114
A83: 82 | B83: 22 | C83: 07 | D83: 123280025202207 | E83: Thực hành nghề nghiệp | F83: 30 | G83: 30 | H83: 0 | I83: 10473 | J83: 10473 | K83: 33-37 | L83: 123 | M83: 22N07(ES) | N83: Nguyễn Thị Anh Thư | P83: 1-4,C114
A84: 83 | B84: 22 | C84: 07 | D84: 123281025202207 | E84: Chuyên đề công nghệ 4.0 | F84: 37 | G84: 37 | H84: 0 | I84: 10473 | J84: 10473 | K84: 22-27;31-40 | L84: 123 | M84: 22N07(ES) | N84: Nguyễn Thị Anh Thư | S84: 9-10,C114
A85: 84 | B85: 22 | C85: 07 | D85: 123282025202207 | E85: TT Chuyên đề công nghệ 4.0 | F85: 30 | G85: 30 | H85: 0 | I85: 10473 | J85: 10473 | L85: 123 | M85: 22N07(ES) | N85: Nguyễn Thị Anh Thư
A86: 85 | B86: 22 | C86: 07 | D86: 123283025202207 | E86: Thực tập | F86: 37 | G86: 37 | H86: 0 | I86: 10888 | J86: 10888 | K86: 46-48 | L86: 123 | M86: 22N07(ES) | N86: Nguyễn Lê Hòa | O86: 1-10,XP | P86: 1-10,XP | Q86: 1-10,XP | R86: 1-10,XP | S86: 1-10,XP
A87: 86 | B87: 22 | C87: 07 | D87: 123353025202207 | E87: Cơ cấu chấp hành và cảm biến trong hệ thống ĐK | F87: 37 | G87: 37 | H87: 0 | I87: 10888 | J87: 10888 | K87: 22-27;31-40 | L87: 123 | M87: 22N07(ES) | N87: Nguyễn Lê Hòa | S87: 6-8,C114
A88: 87 | B88: 22 | C88: 07 | D88: 123355025202207 | E88: Trí tuệ nhân tạo trong kỹ thuật | F88: 37 | G88: 37 | H88: 0 | I88: 10542 | J88: 10542 | K88: 22-27;31-40 | L88: 123 | M88: 22N07(ES) | N88: Phạm Văn Tuấn | T88: 1-3,C114
A89: 88 | B89: 22 | C89: 07 | D89: 123357025202207 | E89: Mạng thiết bị | F89: 37 | G89: 37 | H89: 0 | I89: 10229 | J89: 10229 | K89: 22-27;31-40 | L89: 123 | M89: 22N07(ES) | N89: Lê Quốc Huy | R89: 1-3,C114
A90: 89 | B90: 22 | C90: 07 | D90: 123359025202207 | E90: Xử lý tín hiệu số | F90: 37 | G90: 37 | H90: 0 | I90: 10861 | J90: 10861 | K90: 22-27;31-40 | L90: 123 | M90: 22N07(ES) | N90: Hồ Phước Tiến | P90: 8-10,C114
A91: 90 | B91: 22 | C91: 07 | D91: 123377025202207 | E91: Hệ thống trên vi mạch | F91: 37 | G91: 37 | H91: 0 | I91: 10106 | J91: 10106 | K91: 22-27;31-40 | L91: 123 | M91: 22N07(ES) | N91: Nguyễn Văn Cường | O91: 1-2,C114
A92: 91 | B92: 22 | C92: 07 | D92: 123378025202207 | E92: TH Hệ thống trên vi mạch (0.5TC) | F92: 20 | G92: 20 | H92: 0 | I92: 10106 | J92: 10106 | L92: 123 | M92: 22N07(ES) | N92: Nguyễn Văn Cường
A93: 92 | B93: 22 | C93: 07A | D93: 123259025202207A | E93: TH Xử lý ảnh số | F93: 20 | G93: 20 | H93: 0 | I93: 11319 | J93: 11319 | K93: 39-41 | L93: 123 | M93: 22N07(ES) | N93: Thái Vũ Hiền | T93: 7-10,C213A
A94: 93 | B94: 22 | C94: 07A | D94: 123279025202207A | E94: PBL 5: TH nghiên cứu, đổi mới sáng tạo và KN | F94: 33 | G94: 33 | H94: 0 | I94: 10473 | J94: 10473 | K94: 22-27;31-40 | L94: 123 | M94: 22N07(ES) | N94: Nguyễn Thị Anh Thư | Q94: 3-4,C114
A95: 94 | B95: 22 | C95: 07A | D95: 123295025202207A | E95: TH Hệ thống năng lượng điện | F95: 20 | G95: 20 | H95: 0 | I95: 10304 | J95: 10304 | K95: 39-41 | L95: 123 | M95: 22N07(ES) | N95: Nguyễn Thế Lực | Q95: 7-10,I105
A96: 95 | B96: 22 | C96: 07A | D96: 123354025202207A | E96: TH Cơ cấu chấp hành và cảm biến trong hệ thống ĐK | F96: 20 | G96: 20 | H96: 0 | I96: 10888 | J96: 10888 | L96: 123 | M96: 22N07(ES) | N96: Nguyễn Lê Hòa
A97: 96 | B97: 22 | C97: 07A | D97: 123356025202207A | E97: TH Trí tuệ nhân tạo trong kỹ thuật | F97: 25 | G97: 25 | H97: 0 | I97: 10542 | J97: 10542 | K97: 35-37 | L97: 123 | M97: 22N07(ES) | N97: Phạm Văn Tuấn | R97: 7-10,C213
A98: 97 | B98: 22 | C98: 07A | D98: 123358025202207A | E98: TH Mạng thiết bị | F98: 20 | G98: 20 | H98: 0 | I98: 11598 | J98: 11598 | K98: 38-40 | L98: 123 | M98: 22N07(ES) | N98: Nguyễn Huỳnh Nhật Thương | O98: 7-10,C213B
A99: 98 | B99: 22 | C99: 07A | D99: 123360025202207A | E99: TH Xử lý tín hiệu số | F99: 20 | G99: 20 | H99: 0 | I99: 11319 | J99: 11319 | K99: 33-35 | L99: 123 | M99: 22N07(ES) | N99: Thái Vũ Hiền | Q99: 7-10,C213A
A100: 99 | B100: 22 | C100: 07B | D100: 123259025202207B | E100: TH Xử lý ảnh số | F100: 20 | G100: 20 | H100: 0 | I100: 11319 | J100: 11319 | K100: 36-38 | L100: 123 | M100: 22N07(ES) | N100: Thái Vũ Hiền | T100: 7-10,C213A
...

Sheet Sheet2
A1: Mã lớp HP | B1: =COUNTIF('TKB_HK2 2526'!$D$2:$D$2758,Sheet2!A1) -> 0
A2: 101126325202201 | B2: =COUNTIF('TKB_HK2 2526'!$D$2:$D$2758,Sheet2!A2) -> 1
A3: 101126325202201A | B3: =COUNTIF('TKB_HK2 2526'!$D$2:$D$2758,Sheet2!A3) -> 1
A4: 101291025202201 | B4: =COUNTIF('TKB_HK2 2526'!$D$2:$D$2758,Sheet2!A4) -> 1
A5: 101292025202201 | B5: =COUNTIF('TKB_HK2 2526'!$D$2:$D$2758,Sheet2!A5) -> 1
A6: 101293025202201 | B6: =COUNTIF('TKB_HK2 2526'!$D$2:$D$2758,Sheet2!A6) -> 1
A7: 101294025202201 | B7: =COUNTIF('TKB_HK2 2526'!$D$2:$D$2758,Sheet2!A7) -> 1
A8: 101295025202201 | B8: =COUNTIF('TKB_HK2 2526'!$D$2:$D$2758,Sheet2!A8) -> 1
A9: 101297025202201A | B9: =COUNTIF('TKB_HK2 2526'!$D$2:$D$2758,Sheet2!A9) -> 1
A10: 101297025202201B | B10: =COUNTIF('TKB_HK2 2526'!$D$2:$D$2758,Sheet2!A10) -> 1
A11: 105347025202201 | B11: =COUNTIF('TKB_HK2 2526'!$D$2:$D$2758,Sheet2!A11) -> 1
A12: 101126325202202 | B12: =COUNTIF('TKB_HK2 2526'!$D$2:$D$2758,Sheet2!A12) -> 1
... A2752: 305067025202575A | B2752: =COUNTIF('TKB_HK2 2526'!$D$2:$D$2758,Sheet2!A2752) -> 1
A2753: 305067025202575B
A2754: 305067025202577A
A2755: 305067025202577B
A2756: 305067025202577C
A2757: 305067025202578A
A2758: 305067025202578B
